threshold,sens,spec,ppv,npv,bal_acc,binary_acc,tp,fp,tn,fn,note
0.0,1.0,0.0,0.1957,0.0,0.5,0.1957,550,2260,0,0,
0.03,0.8382,0.4562,0.2728,0.9205,0.6472,0.531,461,1229,1031,89,
0.05,0.7182,0.6279,0.3196,0.9015,0.673,0.6456,395,841,1419,155,
0.07,0.6418,0.7115,0.3512,0.8909,0.6767,0.6979,353,652,1608,197,
0.1,0.5691,0.7912,0.3987,0.883,0.6801,0.7477,313,472,1788,237,youden_J_optimum
0.15,0.4727,0.854,0.4407,0.8694,0.6634,0.7794,260,330,1930,290,
0.2,0.3945,0.8965,0.4812,0.8588,0.6455,0.7982,217,234,2026,333,
0.25,0.3636,0.9208,0.5277,0.856,0.6422,0.8117,200,179,2081,350,
0.3,0.3345,0.9358,0.5593,0.8525,0.6352,0.8181,184,145,2115,366,
0.35,0.2909,0.946,0.5674,0.8457,0.6185,0.8178,160,122,2138,390,
0.4,0.2618,0.9588,0.6076,0.8422,0.6103,0.8224,144,93,2167,406,
0.45,0.2236,0.9646,0.6059,0.8362,0.5941,0.8196,123,80,2180,427,
0.5,0.2073,0.9721,0.6441,0.8344,0.5897,0.8224,114,63,2197,436,
0.55,0.1818,0.981,0.6993,0.8313,0.5814,0.8246,100,43,2217,450,
0.6,0.1527,0.9823,0.6774,0.8265,0.5675,0.8199,84,40,2220,466,
0.65,0.1382,0.9845,0.6847,0.8244,0.5613,0.8189,76,35,2225,474,
0.7,0.12,0.9863,0.6804,0.8216,0.5531,0.8167,66,31,2229,484,
0.75,0.0982,0.9898,0.7013,0.8185,0.544,0.8153,54,23,2237,496,
0.8,0.0818,0.9929,0.7377,0.8163,0.5374,0.8146,45,16,2244,505,
0.85,0.06,0.9942,0.7174,0.813,0.5271,0.8114,33,13,2247,517,
0.9,0.0382,0.9956,0.6774,0.8096,0.5169,0.8082,21,10,2250,529,
0.95,0.0218,0.9987,0.8,0.8075,0.5102,0.8075,12,3,2257,538,
1.0,0.0,1.0,0.0,0.8043,0.5,0.8043,0,0,2260,550,
argmax(=shipped),0.2127,0.9695,0.629,0.835,0.5911,0.8214,117,69,2191,433,
